A01894141	KHHNHM	145,155,156,158,159,189	KX150737|A/swine/Iowa/A01894141/2016|mixed|2016/03/23|subseq(17..566)
A02270002	KHKNYE	145,155,156,158,159,189	MK358874|A/swine/Iowa/A02270002/2018|H3N2|2018/11/14|subseq(17..566)
A01290748	KHHNYR	145,155,156,158,159,189	KF922792|A/swine/Minnesota/A01290748/2013|H3N2|2013/11/01|subseq(17..566)
A01678590	STHNYN	145,155,156,158,159,189	MK106027|A/swine/Arkansas/A01678590/2018|H3N2|2018/10/17|subseq(17..566)
A01785381	KYHNNK	145,155,156,158,159,189	MG739525|A/swine/Nebraska/A01785381/2017|H3N2|2017/12/07|subseq(17..566)
A02428125	NHKKYS	145,155,156,158,159,189	MK418466|A/swine/Tennessee/A02428125/2018|H3N2|2018/12/20|subseq(17..566)
A02157056	KYNNHK	145,155,156,158,159,189	MH259517|A/swine/Illinois/A02157056/2018|H3N2|2018/03/28|subseq(17..566)
A01260155	NYHGHE	145,155,156,158,159,189	KC478977|A/swine/Indiana/A01260155/2012|H3N2|2012/11/29|subseq(17..566)
A01202889	NHNNYK	145,155,156,158,159,189	JX092542|A/swine/Iowa/A01202889/2011|H3N2|2011/11/18|subseq(17..566)
A02245197	NTHNYK	145,155,156,158,159,189	MN241067|A/swine/Minnesota/A02245197/2019|H3N2|2019/07/10|subseq(17..566)
